{"adv_error": 0.9911999702453613, "adv_top5_error": 0.9796000123023987, "error": 0.25679999589920044, "top5_error": 0.0732000470161438}