{"adv_error": 0.9911999702453613, "adv_top5_error": 0.9797999858856201, "error": 0.17980003356933594, "top5_error": 0.033000051975250244}