{"adv_error": 0.9955999851226807, "adv_top5_error": 0.9811999797821045, "error": 0.12560003995895386, "top5_error": 0.02060002088546753}