{"adv_error": 0.9908000230789185, "adv_top5_error": 0.9810000061988831, "error": 0.3109999895095825, "top5_error": 0.1008000373840332}