{"adv_error": 0.991599977016449, "adv_top5_error": 0.9805999994277954, "error": 0.24020004272460938, "top5_error": 0.06520003080368042}