{"adv_error": 0.9901999831199646, "adv_top5_error": 0.9797999858856201, "error": 0.36739999055862427, "top5_error": 0.1470000147819519}