{"adv_error": 0.9901999831199646, "adv_top5_error": 0.979200005531311, "error": 0.24720001220703125, "top5_error": 0.06160002946853638}