{"adv_error": 0.995199978351593, "adv_top5_error": 0.9832000136375427, "error": 0.16840004920959473, "top5_error": 0.03560000658035278}