{"adv_error": 0.9908000230789185, "adv_top5_error": 0.9801999926567078, "error": 0.3163999915122986, "top5_error": 0.10260003805160522}