{"adv_error": 0.9908000230789185, "adv_top5_error": 0.9801999926567078, "error": 0.30580002069473267, "top5_error": 0.10800004005432129}