{"adv_error": 0.9962000250816345, "adv_top5_error": 0.9842000007629395, "error": 0.24000000953674316, "top5_error": 0.06760001182556152}