{"layer1.0": 0.7142857142857143, "layer1.1": 0.7142857142857143, "layer1.2": 0.7142857142857143, "layer2.0": 0.7142857142857143, "layer2.1": 0.6428571428571429, "layer2.2": 0.6428571428571429, "layer2.3": 0.7142857142857143, "layer3.0": 0.6428571428571429, "layer3.1": 0.6428571428571429, "layer3.2": 0.6428571428571429, "layer3.3": 0.6428571428571429, "layer3.4": 0.6428571428571429, "layer3.5": 0.7857142857142857, "layer4.0": 0.7857142857142857, "layer4.1": 0.8571428571428571, "layer4.2": 0.9285714285714286}