{"adv_error": 0.9944000244140625, "adv_top5_error": 0.978600025177002, "error": 0.13280004262924194, "top5_error": 0.021600008010864258}